date,portfolio_value,benchmark_value,portfolio_return,benchmark_return
2023-01-02,1000000.0,1000000.0,,
2023-01-03,1000000.0,1002301.6541101559,0.0,0.0023016541101559262
2023-01-04,1000000.0,991226.7413729518,0.0,-0.011049480654640287
2023-01-05,1000000.0,989947.7605691687,0.0,-0.0012903009477039928
2023-01-06,1000000.0,982527.2004467378,0.0,-0.007495910812672091
2023-01-09,1000000.0,995322.9740788536,0.0,0.013023327625227843
2023-01-10,1000000.0,986184.3228017157,0.0,-0.00918159382947581
2023-01-11,1000000.0,984728.0786248283,0.0,-0.0014766450279297683
2023-01-12,1000000.0,983309.9716399909,0.0,-0.0014401000800319252
2023-01-13,1000000.0,988652.3743810962,0.0,0.0054330810173672806
2023-01-16,1000000.0,985813.3906712168,0.0,-0.002871569202123947
2023-01-17,1000000.0,993569.408943832,0.0,0.007867633312765632
2023-01-18,1000000.0,998532.7833907628,0.0,0.004995498454614111
2023-01-19,1000000.0,995115.6696773743,0.0,-0.003422134726297932
2023-01-20,1000000.0,991008.5710675921,0.0,-0.0041272574987325505
2023-01-23,1000000.0,995366.5442228438,0.0,0.0043975130816042984
2023-01-24,1000000.0,995148.3739174843,0.0,-0.00021918589350400364
2023-01-25,1000000.0,980367.3357293716,0.0,-0.014853099874871822
2023-01-27,1000000.0,959649.3594123549,0.0,-0.0211328708759998
2023-01-30,1000000.0,958413.9487525623,0.0,-0.0012873563116314601
2023-01-31,1000000.0,960003.8861585642,0.0,0.00165892556976166
2023-02-01,1000000.0,955375.9698618177,0.0,-0.004820726627748462
2023-02-02,1000000.0,953966.0655691251,0.0,-0.0014757585884188629
2023-02-03,1000000.0,964713.6163198206,0.0,0.011266177213844264
2023-02-06,1000000.0,960573.8134699285,0.0,-0.004291224649326186
2023-02-07,1000000.0,958296.6609077376,0.0,-0.0023706169481811923
2023-02-08,1000000.0,966486.2500508673,0.0,0.008545985264492462
2023-02-09,1000000.0,966704.420356227,0.0,0.00022573555014182567
2023-02-10,1000000.0,964609.9641190809,0.0,-0.002166594248502851
2023-02-13,1000000.0,958593.9818658717,0.0,-0.00623669926393855
2023-02-14,1000000.0,965531.7549649192,0.0,0.007237446959079907
2023-02-15,1000000.0,970143.3724058453,0.0,0.004776246267626627
2023-02-16,1000000.0,971670.5645433626,0.0,0.0015741922080341197
2023-02-17,1000000.0,966551.7650595568,0.0,-0.005268040085387726
2023-02-20,1000000.0,961416.5601914615,0.0,-0.005312912410623927
2023-02-21,1000000.0,960189.3522238138,0.0,-0.0012764581123954066
2023-02-22,1000000.0,945495.560852151,0.0,-0.015303014283205352
2023-02-23,1000000.0,942839.3799957857,0.0,-0.0028093001874820445
2023-02-24,1000000.0,940431.3039446854,0.0,-0.0025540681713051017
2023-02-27,1000000.0,935740.642379454,0.0,-0.004987776933366828
2023-02-28,1000000.0,931794.5082869562,0.0,-0.0042171237560690855
2023-03-01,1000000.0,940229.4324951461,0.0,0.009052343765898474
2023-03-02,1000000.0,934295.2641064466,0.0,-0.006311404624881334
2023-03-03,1000000.0,948274.4625052811,0.0,0.01496229183201958
2023-03-06,1000000.0,954838.7467905636,0.0,0.0069223463721042044
2023-03-08,1000000.0,957383.0727540443,0.0,0.002664665601425087
2023-03-09,1000000.0,948948.1485458544,0.0,-0.008810396223035033
2023-03-10,1000000.0,940548.59178951,0.0,-0.008851439110994286
2023-03-13,1000000.0,927076.575433555,0.0,-0.014323572937707363
2023-03-14,1000000.0,921063.2563920809,0.0,-0.006486324000433141
2023-03-15,1000000.0,917681.6166590073,0.0,-0.0036714522152582196
2023-03-16,1000000.0,919165.1321240648,0.0,0.001616590588856548
2023-03-17,1000000.0,925303.9417025081,0.0,0.006678679775697471
2023-03-20,1000000.0,919200.6061043796,0.0,-0.006596033284910319
2023-03-21,1000000.0,925614.7917762578,0.0,0.006978004180242969
2023-03-22,1000000.0,928652.7706670024,0.0,0.00328212007601425
2023-03-23,1000000.0,924941.212264154,0.0,-0.003996712786613066
2023-03-24,1000000.0,918049.7790493016,0.0,-0.00745067159239543
2023-03-27,1000000.0,919004.2741352499,0.0,0.001039698617363305
2023-03-28,1000000.0,916061.6382246306,0.0,-0.003201982834506567
2023-03-29,1000000.0,922754.0762586179,0.0,0.007305663456181444
2023-03-31,1000000.0,937376.919669651,0.0,0.015846956179616845
2023-04-03,1000000.0,939482.2418106772,0.0,0.0022459718143776897
2023-04-05,1000268.4064643531,947619.9515892023,0.0002684064643529993,0.008661909098825582
2023-04-06,1005070.3790995227,949839.898363318,0.0048006841005237,0.0023426551650720384
2023-04-10,1009501.1041886675,951566.1922101696,0.004408372966990148,0.0018174577103218237
2023-04-11,1014442.3985643252,956720.4656742901,0.004894788480324541,0.005416621046770098
2023-04-12,1016614.0532690967,961416.5601914615,0.0021407373231292492,0.004908533564045303
2023-04-13,1016238.9300325199,961866.5364462656,-0.00036899277102309114,0.0004680346412115899
2023-04-17,1020634.3140697808,956864.9182788152,0.0043251482573298805,-0.005199908696199684
2023-04-18,1022723.3519164837,955086.8515958284,0.0020468034612446395,-0.0018582212065890724
2023-04-19,1020454.6266872298,952065.1715609041,-0.00221831761737179,-0.0031637751371778045
2023-04-20,1021005.9139389098,952305.1802024936,0.000540236907416114,0.0002520926599971496
2023-04-21,1018601.5080314364,952054.3056570239,-0.0023549382767015237,-0.00026343923217586607
2023-04-24,1023387.9572480544,958007.6491702178,0.004699039986567843,0.006253155390212095
2023-04-25,1026337.3033352788,959952.1133224291,0.002881943320063307,0.002029695852528546
2023-04-26,1033223.1840785882,962433.8005458944,0.006709179059294135,0.0025852198135969395
2023-04-27,1035821.9529786195,967582.5345296054,0.0025152057561976804,0.0053497019543480295
2023-04-28,1045893.1755611944,976527.5170493489,0.009722928302121847,0.009244671333481724
2023-05-02,1055461.4629506578,981182.8111627348,0.009148436583238384,0.004767191945038274
2023-05-03,1064650.0677829369,978553.79506607,0.008705770087134468,-0.0026794355412211868
2023-05-04,1067942.1582978049,987206.9961080889,0.003092180815545964,0.008842846541139426
2023-05-05,1067371.868332108,978452.9126055351,-0.0005340082899301102,-0.008867525794555076
2023-05-08,1074623.3046652665,988229.6694144619,0.006793730046951385,0.009992056524102066
2023-05-09,1072541.934405138,987986.9975611372,-0.0019368370768553245,-0.00024556220161708886
2023-05-10,1078101.1302672275,991084.9519801618,0.005183196743885565,0.0031356226617069716
2023-05-11,1081186.0687860805,991270.4180454114,0.002861455602118035,0.00018713437720840886
2023-05-12,1087159.7370734508,991690.3532718408,0.005525106602675134,0.0004236333686398197
2023-05-15,1094179.8969415384,995843.791765818,0.006457339826606567,0.004188241299589057
2023-05-16,1095095.28174268,990615.9071293325,0.0008365944244637102,-0.005249703497388292
2023-05-17,1098313.5839660487,984858.8955852685,0.002938833065052826,-0.0058115476469049465
2023-05-18,1089434.3274801185,980989.1424053404,-0.008084445658831707,-0.003929246308557066
2023-05-19,1086305.5813600523,985057.9972946029,-0.0028718997016580206,0.0041477063439110395
2023-05-22,1086862.1042740364,991633.1474837656,0.0005123078842026452,0.006674886359200105
2023-05-23,1087576.5468792955,993754.8750090816,0.0006573442964379339,0.0021396294896955936
2023-05-24,1084855.7556655102,991038.6120959668,-0.0025017008886338843,-0.0027333329188347077
2023-05-25,1090294.0352600557,993416.6471186925,0.005012905693816627,0.0023995382154651246
2023-05-26,1099440.1020331145,1003204.3763599691,0.008388624056699934,0.009852592333403187
2023-05-29,1108606.744768022,1008505.8721688197,0.00833755537746561,0.005284562083038846
2023-05-30,1110138.730715611,1009962.1163457071,0.0013819020629444179,0.0014439620205242143
2023-05-31,1112491.3561696624,1005672.4279393494,0.002119217525664352,-0.004247375556895916
2023-06-01,1105665.7000407502,1003894.2547278933,-0.006135468910440034,-0.0017681435446129656
2023-06-02,1113592.5136712163,1006692.3315055178,0.007169267917213951,0.002787222622748331
2023-06-05,1118327.4492601596,1009793.0556647471,0.004251946318616584,0.0030801110351086347
2023-06-06,1127053.7601969894,1010556.6517335059,0.007803001654482111,0.0007561906516142525
2023-06-07,1142479.5316801071,1017745.4059064923,0.013686810716484032,0.007113657765405623
2023-06-08,1137539.2076387058,1012471.0748573424,-0.004324212298259855,-0.005182367828476808
2023-06-09,1142302.609908949,1009152.1803927534,0.004187462056917557,-0.003278014105298377
2023-06-12,1143488.3429196666,1011535.7548958887,0.001038020048656163,0.002361957442541085
2023-06-13,1155070.9451257186,1018200.8151132364,0.01012918258220119,0.006589050545261044
2023-06-14,1161189.5934001452,1020232.5260818979,0.005297205596112242,0.001995393186201122
2023-06-15,1162957.6851040518,1017415.3807082482,0.0015226554853366991,-0.002761277749562252
2023-06-16,1174510.5516485574,1025321.3910657981,0.009934038609041851,0.007770680989751089
2023-06-19,1174088.1214372346,1021735.2166714497,-0.0003596648925204837,-0.003497610042662469
2023-06-20,1176273.9507949164,1025105.8839721738,0.0018617251275876434,0.003298963611829686
2023-06-21,1170288.378719342,1026916.7614237402,-0.00508858677991586,0.0017665272240459107
2023-06-22,1160043.5405266494,1021184.2514276413,-0.008754114267035207,-0.005582253802295822
2023-06-23,1152543.483844303,1014260.1139726788,-0.006465323429964864,-0.006780497687153275
2023-06-26,1160297.1583650787,1016278.1892972552,0.006727446408280713,0.001989701948025946
2023-06-27,1161717.8677879786,1022744.2543337379,0.0012244358375415043,0.006362495136251978
2023-06-28,1173989.5518583655,1030920.1013043132,0.010563394444258023,0.00799402874758881
2023-06-30,1187845.066077847,1041738.7065441078,0.011802076260005068,0.010494125806749688
2023-07-03,1188103.2821020207,1048518.2848660757,0.0002173819057280646,0.006507945110783897
2023-07-04,1181146.4902978835,1051065.4870982305,-0.005855376303505411,0.0024293350616009235
2023-07-05,1191972.182808603,1052559.8684671682,0.009165410556305487,0.0014217776030904794
2023-07-06,1199785.0656261255,1057967.786216963,0.006554584855422929,0.005137871879601796
2023-07-07,1189345.5039011627,1049050.0749853896,-0.00870119325873997,-0.008429095240660489
2023-07-10,1182505.96519371,1049388.3028757786,-0.005750674370919362,0.00032241348478412313
2023-07-11,1199112.3606243602,1054504.3326193795,0.014043392523546139,0.004875249447302554
2023-07-12,1198629.562049662,1052328.0625177235,-0.00040262997076168094,-0.0020637848838895856
2023-07-13,1190030.1393330123,1052936.2335496075,-0.0071743789648777145,0.0005779291207239634
2023-07-14,1194660.8140425691,1061071.2801163972,0.0038912247316291726,0.007726058148236792
2023-07-17,1196256.585925357,1068205.491713044,0.0013357530974738019,0.006723593155649521
2023-07-18,1195292.7229734382,1069353.5490279172,-0.0008057326189541136,0.001074753241562254
2023-07-19,1206598.3085181247,1073981.4653246636,0.009458424139454635,0.00432777008217089
2023-07-20,1202444.0738077646,1080592.089494141,-0.0034429309912278327,0.006155249771912175
2023-07-21,1196645.134531841,1069176.2856548124,-0.004822627016290437,-0.010564397010043636
2023-07-24,1202533.6366617735,1065786.4432295938,0.0049208424118454275,-0.0031705177814923546
2023-07-25,1200605.762670755,1067229.1582908658,-0.0016031767696498278,0.0013536624249979035
2023-07-26,1212755.28680814,1072416.1359950963,0.010119495104170095,0.004860228624691265
2023-07-27,1215841.0799853117,1067218.185858516,0.002544448340681349,-0.004846952560777273
2023-07-28,1228136.0236510537,1067979.1187155393,0.010112294993265492,0.0007130058943018991
2023-07-31,1235031.9868750186,1073362.4283888997,0.005614983268273699,0.005040650682229364
2023-08-01,1228476.225555065,1072298.8481502715,-0.005308171277847995,-0.0009908864056520361
2023-08-02,1207174.65233208,1060694.9150339582,-0.017339833510705782,-0.010821547683586785
2023-08-03,1193303.1444276304,1053266.2587478517,-0.011490887319123289,-0.00700357490246728
2023-08-04,1196355.5275932774,1060784.9315906127,0.0025579276983394017,0.0071384351110794775
2023-08-07,1192721.4678861583,1064771.9726153654,-0.0030376084895347155,0.003758576225978416
2023-08-08,1192617.260065066,1063441.112446978,-8.736978741319401e-05,-0.0012499015776292755
2023-08-09,1203291.5695994052,1066566.4446826421,0.008950322867000038,0.002938886036174315
2023-08-10,1200652.7307981425,1061567.5962553965,-0.0021930169444643877,-0.004686860769122614
2023-08-11,1197846.752419512,1055889.7353641067,-0.002337044098309038,-0.005348562739968754
2023-08-14,1195249.9215104557,1054351.6773227095,-0.002167915807102294,-0.001456646456428401
2023-08-16,1196401.8398550607,1055837.9625279717,0.0009637468481480393,0.0014096674166974577
2023-08-17,1192061.3553381425,1050740.8948519265,-0.003627948714492124,-0.004827509387748674
2023-08-18,1188053.7028975384,1047727.4175091471,-0.003361951482327208,-0.0028679547522550974
2023-08-21,1201243.8360801646,1052857.1894253022,0.01110230383564037,0.004896093993942197
2023-08-22,1219039.2549270536,1054059.7893165157,0.014814160383089359,0.0011422250836030656
2023-08-23,1225703.6998185064,1056083.4041215014,0.005466964959919718,0.0019198292407092143
2023-08-24,1226252.5455423803,1053945.2712118956,0.0004477800988569314,-0.002024587169215386
2023-08-25,1211419.8289761804,1046884.7773160834,-0.012095972090022666,-0.006699108662154285
2023-08-28,1220067.4876455853,1049598.2704889935,0.007138449002203728,0.0025919692708367137
2023-08-29,1227074.3837292732,1052194.4758170787,0.005743039753652868,0.002473522871637046
2023-08-30,1231569.8055214633,1053080.792682602,0.0036635283498689386,0.0008423508067127994
2023-08-31,1228723.3427066463,1047479.3127038822,-0.002311247646747727,-0.005319136022271076
2023-09-01,1249093.331004725,1057195.9874560598,0.01657817312496679,0.009276245014420148
2023-09-04,1257790.4399069878,1062789.371271104,0.006962737440337818,0.0052907728381601515
2023-09-05,1260775.4556387854,1065281.9243984497,0.0023732218317848996,0.00234529361576552
2023-09-06,1262517.29996412,1067848.1952266297,0.0013815658589673152,0.0024090062634163356
2023-09-07,1270444.3238094226,1073970.5994207833,0.006278744731282426,0.005733403138687088
2023-09-08,1284547.2141086673,1079359.4485745532,0.011100754306931915,0.005017687780909608
2023-09-11,1290232.3177489443,1089258.926180245,0.004425764641295515,0.009171622686738212
2023-09-12,1258733.7721499868,1085680.847949572,-0.024413080625598216,-0.0032848739125970194
2023-09-13,1268854.0160764114,1089640.7242146241,0.00804001938323995,0.003647366786041051
2023-09-14,1274414.3453014991,1092204.2253025994,0.004382166233970475,0.002352611306651431
2023-09-15,1271711.9725813826,1096763.9633789212,-0.0021204820316717,0.0041748035492708
2023-09-18,1272597.494020298,1093914.1137651613,0.0006963223261300389,-0.0025984165316482732
2023-09-20,1262932.1500933466,1081721.078212989,-0.007594973251453752,-0.011146245759829143
2023-09-21,1253053.6084412362,1073114.3235836346,-0.007821910030067936,-0.007956537782893958
2023-09-22,1247612.6513421834,1069808.9582346613,-0.004342158278304864,-0.0030801614295251634
2023-09-25,1251908.5361164864,1069408.091604257,0.0034432840751346117,-0.00037470861252253407
2023-09-26,1252394.8225881513,1069364.5214602668,0.0003884361018684501,-4.074229878403557e-05
2023-09-27,1253034.7453353326,1072031.5682205122,0.0005109592722993828,0.002494048293844253
2023-09-28,1239919.655119349,1060943.1263676924,-0.010466661251658849,-0.010343391166386828
2023-09-29,1259607.630032555,1067782.7867464095,0.015878427954520102,0.006446773826730645
2023-10-03,1261540.4184087208,1063182.0352093636,0.0015344368596081903,-0.004308696107627519
2023-10-04,1238340.8173243036,1056830.59480597,-0.01838989916286682,-0.005973991464352291
2023-10-05,1242487.9409735957,1062273.9865360798,0.003348935600986591,0.005150675762854107
2023-10-06,1250086.0620086251,1068186.3165885492,0.00611524730700852,0.005565729865746549
2023-10-09,1235800.406110887,1059702.2827559598,-0.01142773792292684,-0.007942466310263852
2023-10-10,1256862.4735419333,1069937.2185118357,0.017043259839450542,0.009658312454756679
2023-10-11,1259992.5228973634,1076495.9633167086,0.0024903674199210357,0.006130027716948927
2023-10-12,1262355.714438733,1076021.3789854697,0.001875559972320584,-0.00044086029805134874
2023-10-13,1262377.445705987,1074036.0079010036,1.721485236338971e-05,-0.001845103752806443
2023-10-16,1266587.6337177167,1073433.3763495293,0.0033351261352543293,-0.000561090640389339
2023-10-17,1272136.1059934522,1077701.3329481264,0.004380646177200909,0.003975986486568273
2023-10-18,1262055.6794994362,1069653.5331977867,-0.007924015713824839,-0.0074675603567496696
2023-10-19,1262219.788273403,1066978.283745396,0.00013003291109292547,-0.0025010429726650685
2023-10-20,1246870.7086155969,1061856.7145213857,-0.012160385853879019,-0.004800068850541184
2023-10-23,1221454.1558960075,1046622.9303382641,-0.02038427283916977,-0.01434636516847565
2023-10-25,1211553.0387729364,1038185.2363898696,-0.008106007970318019,-0.00806182790746568
2023-10-26,1203502.1734444697,1024342.2879034154,-0.006645078730206255,-0.01333379439548854
2023-10-27,1227216.4958325948,1036096.2131046636,0.019704428385246553,0.011474607013741256
2023-10-30,1227573.8459861155,1040718.6964494701,0.0002911875408571074,0.004461442177223329
2023-10-31,1226685.1309880908,1038237.0092260047,-0.0007239605184898856,-0.002384589833863804
2023-11-01,1226661.1146207228,1033161.8864146585,-1.957826565368581e-05,-0.004888212196490382
2023-11-02,1246630.2579401128,1042158.6417705372,0.016279266605401688,0.008707982238001177
2023-11-03,1255114.293115625,1048422.8353574807,0.006805574565092565,0.00601078697222257
2023-11-06,1268325.5368502615,1058076.871369643,0.010525928839390186,0.009208151221611338
2023-11-07,1273671.9817942574,1059042.3388879409,0.0042153570110030625,0.0009124738895844864
2023-11-08,1281011.1151792656,1061949.3942897758,0.0057621848402988896,0.0027449850634748696
2023-11-09,1278279.3868460103,1058878.711158921,-0.002132478243854319,-0.002891553163800631
2023-11-10,1283553.6854479753,1060569.531025458,0.0041260921956807195,0.0015968022104120294
2023-11-13,1294472.099059996,1062254.8114115852,0.008506394189667255,0.0015890333795445244
2023-11-15,1308860.397981887,1074401.5070795624,0.011115186594086834,0.011434822923358734
2023-11-16,1318560.0394074623,1079171.2127690988,0.007410753232759637,0.004439407110011784
2023-11-17,1316389.7887768066,1078494.8635167903,-0.001645924770806051,-0.0006267302577253053
2023-11-20,1317387.994359654,1076163.1683782595,0.0007582902810077119,-0.002161990026477767
2023-11-21,1314954.503618308,1080292.1053242716,-0.0018472088342725845,0.0038367201808571227
2023-11-22,1316965.8888301994,1080973.8875285203,0.0015296234252641927,0.0006311091239938893
2023-11-23,1318415.7641566948,1081001.1588166903,0.0011009209416830146,2.522844305929972e-05
2023-11-24,1328386.3037240044,1080602.9553980213,0.007562515435855177,-0.0003683653948206578
2023-11-28,1339942.7779867921,1087491.7254011382,0.00869963370624216,0.006374931670050321
2023-11-29,1355046.0843186988,1098280.1830840886,0.011271605459599376,0.009920496341221385
2023-11-30,1369723.496347556,1101814.584642302,0.010831670006438587,0.003218123765365899
2023-12-01,1383785.1949596165,1109365.9617251733,0.01026608556366071,0.006853582434037886
2023-12-04,1409438.23965907,1132192.0299234209,0.018538314178308646,0.02057577840476621
2023-12-05,1411623.3464039047,1142626.0673886314,0.0015503387685602554,0.009215784239283487
2023-12-06,1418510.262474787,1149438.4564791787,0.0048787207213782935,0.005962045926465098
2023-12-07,1423200.0896603714,1149558.4075357388,0.003306163733635792,0.00010435622358362373
2023-12-08,1427170.2890052302,1151241.0247101309,0.0027896283689852197,0.0014637074230956504
2023-12-11,1439522.8359647559,1154213.5951206551,0.008655271942450415,0.002582057403029747
2023-12-12,1431391.2122026284,1148571.2082096804,-0.005648832765252854,-0.004888511913936466
2023-12-13,1444321.2187544547,1150826.5224356414,0.009033174468026539,0.001963582414255649
2023-12-14,1467075.9650080402,1165264.0063098941,0.015754629896809647,0.012545317293954028
2023-12-15,1487189.9414913177,1177874.2073482913,0.013710248796262814,0.010821754529542593
2023-12-18,1495058.5973210977,1177315.1459408074,0.005290955519702933,-0.00047463591952023876
2023-12-19,1496740.8226637887,1179371.3584574338,0.0011251902405065017,0.0017465268528276123
2023-12-20,1449928.9754278697,1159976.0396166595,-0.03127585385999343,-0.01644547215911918
2023-12-21,1465818.3966703587,1167328.4215186657,0.010958758333524665,0.006338391183007497
2023-12-22,1485479.4259844248,1173148.071802745,0.013413004884320179,0.004985443836369674
2023-12-26,1498386.1885652663,1179049.6424798039,0.008688617529851284,0.005030542025261875
2023-12-27,1502344.9414628898,1189870.8044028643,0.002642011070199457,0.009177867948207075
2023-12-28,1530600.316833742,1196214.1486425824,0.01880751523237989,0.005331120165521952
2023-12-29,1531371.0291239817,1195507.8648903684,0.0005035359536800232,-0.0005904325350234441
2024-01-01,1537464.6645044524,1195507.8648903684,0.003979202469277743,0.0
2024-01-02,1539603.2608204363,1192587.0673159792,0.001390988921799563,-0.0024431437551915014
2024-01-03,1545591.4199771795,1187468.2678321733,0.003889417039524945,-0.004292180943506474
2024-01-04,1560126.2955792146,1196358.7077755767,0.009404086626108255,0.007486886331399711
2024-01-05,1563791.4881948486,1198551.2767330531,0.002349292250261925,0.0018327019674166944
2024-01-08,1559210.0432992615,1187432.7938518585,-0.002929703179850196,-0.009276601758333447
2024-01-09,1562428.7047783178,1189854.5055470439,0.0020642898581166857,0.0020394515864174956
2024-01-10,1558424.2640186166,1193707.9598711517,-0.0025629590313174244,0.0032385928751315074
2024-01-11,1563626.584591537,1196781.4127422113,0.003338192745732549,0.0025747108793605644
2024-01-12,1572404.0804987568,1208622.5847599092,0.005613549931752226,0.009894181085722265
2024-01-15,1589867.2077725646,1218412.9772129213,0.01110600480524604,0.008100454663402479
2024-01-16,1593395.311100373,1214914.0496350229,0.0022191182449453617,-0.0028717090537742074
2024-01-17,1588191.636556135,1191207.097523192,-0.003265777492871158,-0.019513275131646468
2024-01-18,1587177.9592174096,1185215.6168179477,-0.0006382588318646354,-0.005029755713932493
2024-01-19,1612469.3206306705,1195355.103065229,0.015934798783201032,0.008554971857781979
2024-01-23,1568910.6461378792,1173036.3234383299,-0.027013645429083022,-0.018671254733984455
2024-01-24,1602180.5165456964,1186082.865087446,0.02120571397084725,0.011122026989645928
2024-01-25,1611107.3957976927,1181746.7302684241,0.005571706283910238,-0.003655844753058024
2024-01-29,1649221.3597223635,1202205.6293478264,0.023656997680033598,0.01731242283594492
2024-01-30,1631264.0131255086,1191547.9886253162,-0.010888378622429418,-0.008865073047688021
2024-01-31,1636032.2948295695,1202748.3918994898,0.002923059459225774,0.009399875943809421
2024-02-01,1629616.996935838,1202096.5441951465,-0.003921253824882398,-0.0005419651431117778
2024-02-02,1665785.2422518726,1210790.6521694204,0.022194322582570924,0.007232454012331413
2024-02-05,1679338.7311881972,1206121.8289404188,0.008136396332820484,-0.0038560119543674665
2024-02-06,1703193.4145442469,1216261.3151876999,0.014204807471552616,0.008406684966632882
2024-02-07,1718047.1580931249,1219773.7718812139,0.008721113774886602,0.0028879128602161686
2024-02-08,1732238.4579932678,1210995.186830695,0.008260134090785964,-0.007196896058012436
2024-02-09,1710710.8631251194,1213438.7368621102,-0.012427616283896215,0.0020178032563533677
2024-02-12,1683936.7121103173,1202232.9006359961,-0.01565089203086667,-0.009234777072546607
2024-02-13,1701581.6872556224,1209841.5900354122,0.010478407542521273,0.006328798184936479
2024-02-14,1730329.9261222202,1217030.3442083988,0.016895009556058493,0.0059418970485021205
2024-02-15,1759171.6568479384,1222056.4639238142,0.01666834185221222,0.004129822842407815
2024-02-16,1768196.0551907984,1229438.7803257257,0.005129913449736678,0.006040896325042233
2024-02-19,1767861.7516294133,1229438.7803257257,-0.0001890647591954453,0.0
2024-02-20,1766554.3463463003,1237333.8182509262,-0.0007395404543980577,0.006421660070873081
2024-02-21,1733681.2598705753,1229804.1729758154,-0.018608590527495084,-0.006085379033569649
2024-02-22,1752928.725552691,1239501.8856604372,0.011102078639041446,0.00788557470996043
2024-02-23,1759471.1896658805,1239987.335895556,0.0037323046954613748,0.00039164945268321816
2024-02-26,1758150.2341309874,1236357.484828748,-0.0007507684937676506,-0.0029273291442015736
2024-02-27,1759235.22896308,1239332.8249794773,0.0006171229346785267,0.002406537095653638
2024-02-28,1734674.5785515509,1224898.1108454291,-0.013960981457838195,-0.011647165186871589
2024-02-29,1740075.2789889737,1228642.4800168572,0.00311337959534308,0.003056882150666018
2024-03-01,1766530.6111204133,1246955.1500229782,0.01520355610523394,0.014904799649992473
2024-03-04,1803330.385637501,1251468.548215105,0.020831665347563755,0.003619535307299193
2024-03-05,1805664.2602939233,1249060.4721640043,0.0012942024794848628,-0.0019242002162460636
2024-03-06,1797178.213419911,1253843.8134976258,-0.004699681474911066,0.0038295514430413125
2024-03-07,1812338.9246236898,1256445.5583061208,0.0084358418606294,0.0020750150700488135
2024-03-11,1801189.1437022742,1248776.7868499553,-0.006152150003471801,-0.006103544563048291
2024-03-12,1776329.1021727356,1245801.5532276954,-0.013802016082797186,-0.0023825183600385547
2024-03-13,1700359.0970107531,1221699.1674374,-0.0427679786752686,-0.019346890143016382
2024-03-14,1741041.3662360571,1233954.8417295879,0.0239256926944571,0.010031662964864685
2024-03-15,1717077.7007311918,1226918.8493817407,-0.01376398399807821,-0.005701985283339206
2024-03-18,1721727.2997409427,1229452.4159698107,0.002707855915763613,0.002064983017700639
2024-03-19,1689867.8553408626,1214916.8193752274,-0.018504349907719875,-0.011822821612105572
2024-03-20,1698492.6717770686,1216722.1573463844,0.00510384075828596,0.001485976605448025
2024-03-21,1742256.0315126064,1229329.6951730459,0.025765998560211445,0.010361887264515701
2024-03-22,1749393.042644269,1234505.8069733963,0.004096419241818472,0.00421051555223495
2024-03-26,1764694.918283607,1232735.8364540848,0.00874696267009778,-0.001433748232947507
2024-03-27,1763410.9195549157,1238034.6690512,-0.0007276038001742258,0.004298433160146331
2024-03-28,1785192.5280035825,1250153.9869025378,0.012351975485194622,0.009789158699914147
2024-04-01,1803043.1883840854,1260323.5141781936,0.009999291449234171,0.00813461972060936
2024-04-02,1816746.3480848614,1262036.1723809603,0.007600017453301744,0.0013589036334717974
2024-04-03,1819275.6323002765,1261929.7504400157,0.001392205476610009,-8.43255869155124e-05
2024-04-04,1814900.8193839197,1265715.0265436987,-0.002404700441584695,0.0029995933627551263
2024-04-05,1814549.0280362666,1267599.51516763,-0.00019383502607739356,0.0014888727592001771
2024-04-08,1819632.013418468,1275221.840211131,0.0028012389324647557,0.006013196559556011
2024-04-09,1810702.8511071065,1273509.1820083642,-0.004907125311884641,-0.0013430276590017387
2024-04-10,1828769.928628733,1280370.574194842,0.009977936197858028,0.005387783836514837
2024-04-12,1815458.7200963676,1268382.1798324138,-0.007278777020544358,-0.009363222338944377
2024-04-15,1794236.8627105928,1252684.783750403,-0.011689529015921907,-0.012375919759519793
2024-04-16,1795698.2924541957,1247405.1262777823,0.0008145132752399586,-0.004214673588365914
2024-04-18,1786999.3334805588,1240309.051873186,-0.004844332152116659,-0.005688668625060789
2024-04-19,1781493.6920209709,1246832.4292262134,-0.003080942089029537,0.005259477340083585
2024-04-22,1805093.7588519352,1258782.6863965914,0.013247347962367373,0.009584493385205173
2024-04-23,1805686.5813874435,1260806.1946731077,0.00032841647842452026,0.0016075120021779021
2024-04-24,1817331.6938715437,1263631.5427389024,0.006449132758771681,0.0022409059201420334
2024-04-25,1837620.9199330362,1272467.4401059658,0.011164294404765185,0.006992463442240249
2024-04-26,1848632.4897544067,1267138.5664804762,0.005992296725579216,-0.004187827096814312
2024-04-29,1853231.1317756753,1278685.2938087145,0.002487591258270916,0.009112442501304052
2024-04-30,1854341.2302584362,1278287.0903900454,0.0005990070335679665,-0.0003114162809231269
2024-05-02,1878616.0368414528,1284003.1950018546,0.013090798061818232,0.0044716907921404925
2024-05-03,1875682.5632207303,1275355.426911776,-0.0015615078138343508,-0.0067350051181657156
2024-05-06,1860039.9219378815,1270719.3079228844,-0.00833970608330914,-0.0036351583966814927
2024-05-07,1826718.040653479,1260138.048112944,-0.017914605429374952,-0.008326984365442991
2024-05-08,1848061.9573677292,1263533.3234901028,0.01168429732407672,0.002694367797435593
2024-05-09,1817758.8310905283,1243036.1806901807,-0.016397245858771337,-0.016222083279375132
2024-05-10,1836401.9200084864,1249521.3143226888,0.010256084910215346,0.005217172060838493
2024-05-13,1847470.222526563,1252098.451054749,0.006027167798880129,0.002062499216715752
2024-05-14,1871644.1731397358,1260926.145729668,0.01308489323314399,0.0070503199388853854
2024-05-15,1885312.8360002255,1261779.758355081,0.007303024290968851,0.0006769727380973034
2024-05-16,1914232.601399687,1273217.4005306396,0.015339504854173569,0.009064689855596608
2024-05-17,1922572.5223322255,1278712.5650968845,0.004356795995659191,0.004315967221273143
2024-05-21,1965918.0447997188,1285563.091379482,0.022545585128259216,0.005357362138752819
2024-05-22,1973717.4342519587,1289053.8162652354,0.00396730142076418,0.0027153275550308997
2024-05-23,1987525.0804449583,1308059.1343794856,0.0069957563090750075,0.014743618826802862
2024-05-24,1989443.2178123828,1307936.4135827208,0.0009650883836873625,-9.381899758154066e-05
2024-05-27,1980117.6565618303,1306831.9264118378,-0.004687523206018951,-0.0008444502037049384
2024-05-28,1962004.9229104747,1302144.0345868112,-0.009147301722871148,-0.0035872186241256987
2024-05-29,1960860.550303505,1291988.1429552406,-0.0005832669396528267,-0.0077993611780383665
2024-05-30,1948261.571412445,1279912.501776362,-0.006425229417313716,-0.009346557276645906
2024-05-31,1964664.9499865996,1282735.080101952,0.008419495007676359,0.002205290066057186
2024-06-03,2048176.0806714238,1327795.3443223843,0.04250655089326738,0.03512826999075358
2024-06-04,1873177.2880921974,1240276.347633076,-0.08544128321323774,-0.06591301668855609
2024-06-05,1944429.3507793422,1284518.579736879,0.0380380774100213,0.03567126970391277
2024-06-06,1980356.8699956224,1298492.3451837734,0.01847715331075417,0.010878601265352339
2024-06-07,2017538.153242291,1323532.9272041966,0.018775041917950208,0.01928435089609959
2024-06-10,2032306.9407828904,1323811.073037836,0.007320202354966776,0.0002101540716685779
2024-06-11,2034206.8420792918,1323805.640085896,0.0009348495831389414,-4.104023641038346e-06
2024-06-12,2050604.9908006426,1328046.3253963233,0.008061200258568268,0.003203404776362939
2024-06-13,2071633.7585038622,1333538.7202223632,0.01025490906223192,0.0041356952095785715
2024-06-14,2084380.160020822,1340201.1172279757,0.0061528257418266286,0.004996028165197508
2024-06-18,2097525.443489472,1346304.4528261044,0.006306567161202814,0.004554044553217951
2024-06-19,2064334.2349839506,1341741.945009578,-0.015823983736904745,-0.003388912371899977
2024-06-20,2056971.0782588352,1344466.3040863683,-0.003566843295205402,0.0020304642684259022
2024-06-21,2046626.4044575882,1339320.2333143926,-0.005029080822081089,-0.003827593712341315
2024-06-24,2061509.299108934,1342925.476304766,0.007271915684724073,0.0026918453859623437
2024-06-25,2053260.2981965665,1350354.2391193418,-0.004001437643736505,0.0055317759217861084
2024-06-26,2048961.1214396337,1356318.4485364158,-0.0020938293896340943,0.004416773942934826
2024-06-27,2053482.0571106838,1365012.55651069,0.0022064526377512106,0.006410078682963949
2024-06-28,2066574.061525122,1363959.842175942,0.006375514394734605,-0.0007712121985449238
2024-07-01,2075094.6677527206,1372056.6450222123,0.004123058730985063,0.005936247238300885
2024-07-02,2067443.7222051518,1370114.9506102058,-0.0036870344599047034,-0.001415170735881044
2024-07-03,2087670.5082391915,1380303.5464818866,0.009783475998304647,0.007436307345703552
2024-07-04,2109013.49191177,1382248.010634098,0.010223348746052796,0.0014087221301193331
2024-07-05,2125360.514873189,1384904.1914904632,0.007751028158004214,0.0019216384005840137
2024-07-08,2121122.723614613,1385029.6820274328,-0.0019939164339037863,9.061315413783078e-05
2024-07-09,2134007.001394273,1391659.268264466,0.006074272665234304,0.004786602282290886
2024-07-10,2128545.5372752966,1386780.4774222497,-0.002559253139941875,-0.003505736607711807
2024-07-11,2124545.806396039,1387222.250984909,-0.0018790910550015028,0.0003185605579625328
2024-07-12,2121445.0828345055,1395051.8804298893,-0.0014594759746759944,0.005644106010714189
2024-07-15,2143613.220709818,1401528.8113702522,0.010449545950863337,0.004642788581000312
2024-07-16,2139059.7097779666,1400604.2507842095,-0.002124222265406428,-0.0006596800426377225
2024-07-18,2106966.830546415,1406369.4650204184,-0.015003264791931814,0.0041162335706042
2024-07-19,2050462.9329197719,1388154.9077346274,-0.026817649337170346,-0.012951473804592717
2024-07-22,2073642.1369040909,1390312.109240258,0.011304376008062222,0.0015540063242300839
2024-07-23,2068997.7946904849,1386450.4522240055,-0.0022397028546786713,-0.0027775468476375353
2024-07-24,2071103.4479003581,1384781.4706936984,0.0010177165076139527,-0.0012037801478083088
2024-07-25,2073019.868549525,1385790.5083559868,0.0009253138229814439,0.0007286620189848048
2024-07-26,2120019.7399884327,1409483.8248237327,0.022672176061579785,0.01709732915969675
2024-07-29,2143871.099864384,1412759.042615862,0.011250536693625968,0.0023237001620355358
2024-07-30,2149424.724718718,1413421.7562240856,0.0025904658422257754,0.00046909174758935634
2024-07-31,2169766.005748871,1419503.2534859844,0.0094635931169047,0.004302676985916243
2024-08-01,2165248.1816272466,1421259.5883612107,-0.0020821711233626194,0.001237288375995682
2024-08-02,2121482.9178515775,1405665.8444799397,-0.020212585396459315,-0.010971777435289987
2024-08-05,2063088.5107977332,1365912.5090202983,-0.02752527798478821,-0.028280786373058087
2024-08-06,2047089.7457356967,1360332.7608493387,-0.007754764266439618,-0.004084996757926729
2024-08-07,2111405.6701391023,1382599.7676401024,0.031418224109315274,0.016368794041879076
2024-08-08,2104968.522948664,1372359.3989322865,-0.0030487495991303737,-0.007406603810801049
2024-08-09,2146444.855277188,1386766.8417781647,0.01970401546452738,0.010498301579810132
2024-08-12,2151646.330923605,1384620.6127048836,0.002423298056611456,-0.001547649546140839
2024-08-13,2127022.013248378,1372026.7105223069,-0.011444407624675357,-0.009095561677342268
2024-08-14,2120104.9328779615,1372326.6946921763,-0.003252002248840258,0.000218643097520399
2024-08-16,2155437.828917324,1395117.2889101093,0.016665635502955745,0.01660726582531802
2024-08-19,2164723.8529199264,1398373.4381062137,0.0043081845729999735,0.0023339608948922397
2024-08-20,2182150.3940346935,1406235.7717913038,0.008050237489304335,0.0056224850035322405
2024-08-21,2195599.3933444275,1410100.0920192918,0.006163186252652109,0.002747988854717942
2024-08-22,2197200.617384111,1413222.654514751,0.0007292878858216056,0.0022144261340963922
2024-08-23,2200822.234044332,1412977.2129212215,0.001648286747949701,-0.00017367510543742082
2024-08-26,2205800.7688349024,1422295.8973116688,0.0022621249065726268,0.006595070539872072
2024-08-27,2202360.0080202124,1422642.2213657333,-0.0015598692607707854,0.0002434964867148448
2024-08-28,2212856.5351894065,1424477.6003652648,0.004766036039053345,0.0012901198712980122
2024-08-29,2206368.9067625892,1428410.0988136777,-0.0029317889902257255,0.0027606600815657245
2024-08-30,2217251.5169336186,1433070.7193505343,0.0049323620078554065,0.003262802846834667
2024-09-02,2219108.2148214905,1436378.747911243,0.0008373871316320614,0.002308349836502188
2024-09-03,2227964.14025615,1436744.1405613327,0.0039907587090664,0.0002543846117335491
2024-09-04,2222498.4533176827,1433147.100263104,-0.0024532203367685357,-0.0025036053370109945
2024-09-05,2209991.354798122,1431148.093534553,-0.005627494813726708,-0.0013948370883799521
2024-09-06,2179673.554466623,1414209.960369279,-0.013718515353318361,-0.0118353462103572
2024-09-09,2178540.2792916074,1418720.5888212007,-0.0005199288548016767,0.0031895040894380777
2024-09-10,2193456.9450687226,1424390.2470203456,0.006847092027128188,0.003996317699072716
2024-09-11,2187660.3672706634,1417441.6080174178,-0.0026426676899635737,-0.004878325316719612
2024-09-12,2233026.722915925,1443256.5454820103,0.020737385164526723,0.018212346327761697
2024-09-13,2237807.2978559006,1441009.4339481941,0.0021408498567956347,-0.0015569730418688588
2024-09-16,2253138.705308429,1442836.6102555809,0.0068510847503346906,0.0012679835845212928
2024-09-17,2260113.667709029,1443812.943677759,0.0030956648981115276,0.0006766763576959711
2024-09-18,2243186.959728971,1441023.0695922794,-0.007489317117937433,-0.0019322960759536878
2024-09-19,2226569.275889003,1441301.2154259188,-0.007408069027815545,0.00019301969517959705
2024-09-20,2257642.5291925534,1462886.440012434,0.013955664276892321,0.0149762064691914
2024-09-23,2293335.8740860196,1473964.0159613737,0.015810007311579,0.0075724100285223805
2024-09-24,2305152.0493159574,1474149.4820266233,0.00515239628152897,0.0001258280821250235
2024-09-25,2300304.2126428555,1475466.7065509257,-0.0021030442111358294,0.0008935488160206617
2024-09-26,2312700.9412902044,1486626.0963643752,0.005389169214756295,0.007563294897745099
2024-09-27,2327736.358819712,1486495.1728754654,0.006501237259461501,-8.806753038304027e-05
2024-09-30,2296394.6381104374,1466658.0804720318,-0.013464463271590787,-0.013344875089678743
2024-10-01,2303004.4952131626,1466390.8005422726,0.0028783628880808543,-0.0001822373826032564
2024-10-03,2249664.195659701,1434756.1062651312,-0.023161179087722417,-0.02157316744311466
2024-10-04,2219327.0546033364,1421161.3691124113,-0.013485186417997008,-0.009475294855589622
2024-10-07,2191548.8354602074,1404452.272156377,-0.012516505435965941,-0.011757353752494648
2024-10-08,2240923.0258525866,1421234.980284776,0.022529358959966217,0.011949646464404884
2024-10-09,2264876.556092778,1422284.9248793193,0.010689135665906235,0.0007387551032080886
2024-10-10,2245300.539446144,1422440.3499161939,-0.008643304022010634,0.00010927841120711435
2024-10-11,2256202.019999154,1421057.7169116717,0.004855243367865247,-0.0009720147523961664
2024-10-14,2265691.5233680927,1428900.9820007368,0.004205963510724331,0.005519314941064168
2024-10-15,2273086.5103974454,1426239.261663962,0.003263898440313495,-0.0018627745171312382
2024-10-16,2271865.026058769,1421275.887217031,-0.0005373681701462685,-0.003480043342194983
2024-10-17,2210369.115465661,1405308.5479935256,-0.02706847012817082,-0.011234510742858528
2024-10-18,2223974.7267413996,1410132.9027878712,0.006155357121370386,0.003432950579596028
2024-10-21,2187105.5949361967,1403898.6437008332,-0.01657803542544034,-0.004421043629797339
2024-10-22,2143638.85660717,1382547.9948039674,-0.019874092238465924,-0.015208112774140914
2024-10-23,2126987.251267345,1381053.5069065602,-0.007767915424979677,-0.001080966377314918
2024-10-24,2116690.9276364706,1378590.88827912,-0.004840801760677915,-0.001783144979629503
2024-10-25,2079363.2315947847,1364775.2110808357,-0.01763492985882764,-0.010021593291923092
2024-10-28,2081527.4551733793,1373120.2252608403,0.00104081073749418,0.0061145704525185085
2024-10-29,2078634.889702629,1381088.9808868752,-0.0013896359923387669,0.0058033925066693914
2024-10-30,2063884.215519242,1374202.9806239628,-0.007096327621777476,-0.0049859207901944425
2024-10-31,2055272.68993532,1366809.6917897016,-0.0041724848318370755,-0.0053800558858519976
2024-11-01,2065075.591432618,1373632.9467841294,0.0047696354577682065,0.004992103169456863
2024-11-04,2037430.8089235397,1355805.7270131272,-0.013386813840504552,-0.012978153889463884
2024-11-05,2048153.5014418396,1366880.6397503312,0.005262849894748234,0.00816851007231123
2024-11-06,2087540.3450088603,1385553.269454602,0.019230415854716743,0.013660760977404207
2024-11-07,2058610.5083703995,1369602.2290869167,-0.013858336538323579,-0.011512397768700833
2024-11-08,2052238.3057377408,1363725.2664862927,-0.003095390122001662,-0.004290999587918343
2024-11-11,2048736.5952274972,1364289.8673741862,-0.0017062884463531214,0.00041401365932602907
2024-11-12,2014012.6624798626,1348049.8152689813,-0.016948949332248664,-0.011903666877231656
2024-11-13,1973701.678225245,1327948.1061475235,-0.020015258595734164,-0.014911696061800761
2024-11-14,1974861.34416348,1328987.1848381865,0.0005875588752994876,0.0007824693494065116
2024-11-18,1970579.0192558938,1325439.1476358883,-0.002168418010835116,-0.002669730184591823
2024-11-19,1972397.8646935425,1329458.8929007512,0.0009230005089242432,0.003032764855355863
2024-11-21,1962548.491249933,1316390.5129154052,-0.004993603785481637,-0.009829848861917068
2024-11-22,1993850.3742285012,1344766.2882562377,0.015949609967921052,0.02155574281524464
2024-11-25,2041638.1980849332,1363218.0844434132,0.02396760783763585,0.013721191814751732
2024-11-26,2030232.178694502,1362642.6176516395,-0.005586699642047277,-0.0004221384665745731
2024-11-27,2042142.1735887711,1369845.007468711,0.005866321605604519,0.005285604401162658
2024-11-28,2026172.4087057267,1354633.0616218192,-0.007820104344145595,-0.011104866436679073
2024-11-29,2046624.9201428315,1366506.9378796276,0.010094161458930051,0.008765382002113853
2024-12-02,2065798.479359134,1374372.0413049224,0.009368379632045398,0.005755626413063819
2024-12-03,2075651.553983079,1385013.276643143,0.004769620426384291,0.007742616277407022
2024-12-04,2069865.2964908467,1386930.4695071843,-0.002787682489928889,0.0013842415061089408
2024-12-05,2080489.094728696,1399445.2210369864,0.005132603679988357,0.009023344576349901
2024-12-06,2098835.8684250885,1399775.2462352307,0.008818490682252378,0.0002358257352865767
2024-12-09,2098860.925584132,1395973.564747258,1.1938598639460452e-05,-0.0027159227870312552
2024-12-10,2100579.7717762287,1396300.8202052973,0.0008189423944888752,0.00023442811977503197
2024-12-11,2118631.052800417,1398201.7142135184,0.008593475604558698,0.0013613785659323252
2024-12-12,2108511.997501414,1393366.4935152924,-0.004776223441843586,-0.003458171055773396
2024-12-13,2117710.928401348,1403085.9380076749,0.004362759572074992,0.006975511853928307
2024-12-16,2116005.698645197,1399172.508155287,-0.0008052230988100373,-0.002789159057459245
2024-12-17,2084449.069089051,1381108.0494829002,-0.014913300836737031,-0.012910815905183504
2024-12-18,2072714.4919189478,1371069.445696154,-0.005629582101150388,-0.007268514429776052
2024-12-19,2079840.5971010046,1357289.2424781846,0.0034380544015299996,-0.01005069674714576
2024-12-20,2026097.859050585,1333503.2462420485,-0.025839835093770747,-0.017524633285022517
2024-12-23,2030825.4749387526,1341733.7423174332,0.0023333600926773723,0.006172085518786119
2024-12-24,2036471.838257618,1340247.4571121708,0.0027803291757682036,-0.001107734834703722
2024-12-26,2050861.0808725064,1342366.4148972821,0.007065770488237977,0.00158101981381642
2024-12-27,2049693.9786446723,1343492.740404395,-0.0005690791242366489,0.0008390596595782007
2024-12-30,2038191.7724839626,1336334.0272597831,-0.005611669976371525,-0.005328434556674311
2024-12-31,2048579.6778925695,1336050.4484742032,0.005096628074377385,-0.00021220651408648816
2025-01-01,2057788.9434326065,1336050.4484742032,0.004495439274058821,0.0
2025-01-02,2085295.967869387,1365135.2773074545,0.013367271956907345,0.02176925943662278
2025-01-03,2077628.774297183,1357011.096644545,-0.0036767891418492127,-0.005951190917088733
2025-01-06,2026695.5153567586,1331089.7372390078,-0.024515091228294095,-0.019101803566405895
2025-01-07,2032207.5809046638,1335098.6165999905,0.0027197304706794156,0.003011727345519244
2025-01-08,2001972.6093101318,1332256.9696783756,-0.014877895289157728,-0.002128417246698655
2025-01-09,1981363.3776820542,1321692.115252725,-0.010294462337913535,-0.007930042526406167
2025-01-10,1942217.575584371,1312553.4639755872,-0.019757002949897462,-0.006914357112125513
2025-01-13,1863169.4001416226,1286484.88222532,-0.04069995886993483,-0.01986096754589195
2025-01-14,1889414.0942061676,1296509.7438395119,0.01408604824797477,0.007792444165259926
2025-01-15,1883663.7249733566,1300254.1130109397,-0.0030434668876686555,0.0028880378178564037
2025-01-16,1894671.6343365523,1308179.191964515,0.005843882438916426,0.006095023176064807
2025-01-17,1890927.4867049197,1304985.681508426,-0.001976145926174566,-0.0024411873202884182
2025-01-20,1898240.3882936037,1311683.5524943536,0.0038673622548197617,0.00513252450263324
2025-01-21,1853993.0549229959,1290736.4334396275,-0.023309657535199424,-0.015969643756599816
2025-01-22,1836324.4037699725,1294753.515492755,-0.009530052502681685,0.003112240383904341
2025-01-23,1877604.708690423,1299381.4317895013,0.022479854232564822,0.0035743608658864723
2025-01-24,1850593.9950286832,1290488.222105893,-0.014385729614290854,-0.006844187138614566
2025-01-27,1808514.5528215293,1271930.1105062424,-0.02273834364544214,-0.014380690409840802
2025-01-28,1794684.2923196924,1278480.7591474399,-0.0076473039601808734,0.0051501639807789434
2025-01-29,1842786.2834375077,1292454.5245943342,0.026802480705752307,0.010929977120823331
2025-01-30,1834631.3679800637,1296613.3960402515,-0.004425318079876339,0.003217808725009208
2025-01-31,1855549.84384694,1311937.0902515585,0.011402004910614716,0.01181824455778746
2025-02-01,1856642.3725424074,1311937.0902515585,0.0005887897321057434,0.0
2025-02-03,1843623.2469307208,1303357.606910374,-0.007012188132849095,-0.006539553919875374
2025-02-04,1870509.6586814937,1324274.6849367253,0.014583463186165435,0.016048610078653214
2025-02-05,1894183.802168048,1323821.9389417162,0.012656520310748931,-0.00034188223950737395
2025-02-06,1873184.6982911343,1317803.1869483024,-0.011086096213513419,-0.004546496637021447
2025-02-07,1886782.0364447911,1315866.9254882361,0.007258941505373873,-0.0014693100451139696
2025-02-10,1843959.4695365538,1303403.946794569,-0.022696085759289164,-0.009471306294170145
2025-02-11,1795817.9994825725,1283430.4979502857,-0.026107661718877573,-0.015324066566933192
2025-02-12,1787201.8106750867,1282205.9531943733,-0.004797918725599426,-0.000954118480017474
2025-02-13,1791951.7247224431,1282015.0541771837,0.0026577379336709672,-0.00014888327161022286
2025-02-14,1753011.9590976099,1272213.7958202914,-0.021730365326032786,-0.007645197554394412
2025-02-17,1747510.7097767335,1273195.5621944098,-0.0031381698751833387,0.0007716992044448645
2025-02-18,1750705.7947858607,1272554.686922416,0.001828363621036333,-0.0005033596495491732
2025-02-19,1758648.424938533,1274580.964939137,0.004536816052318926,0.001592291504282084
2025-02-20,1778806.330435045,1276918.0930296078,0.01146215764939873,0.0018336442758521976
2025-02-21,1753161.5005210391,1269426.6914750165,-0.014416875786434802,-0.005866783151938226
2025-02-24,1734049.311645763,1255662.7871128677,-0.010901556342411078,-0.010842614587027288
2025-02-25,1729553.5274103372,1253778.4050174057,-0.002592650742532121,-0.0015007071283801299
2025-02-27,1720129.6347387552,1251659.4472322944,-0.005448742997675504,-0.0016900576502447695
2025-02-28,1679392.8794535408,1226087.0750925571,-0.023682375131802935,-0.020430774677795638
2025-03-03,1704642.459048319,1227982.4296203686,0.015034945011195955,0.001545856380280597
2025-03-04,1705901.7198167925,1227475.2475774894,0.0007387242772167735,-0.0004130206024495209
2025-03-05,1748575.5970208726,1244596.1835962776,0.025015437119474404,0.013948090645882871
2025-03-06,1760737.3281741443,1256595.5503910554,0.006955221823976121,0.009641172737735237
2025-03-07,1748402.9430854744,1255990.042570907,-0.007005238595958252,-0.00048186373090375323
2025-03-10,1726183.558811249,1248520.4793525455,-0.01270838873961977,-0.005947151621578106
2025-03-11,1741650.1733300611,1251353.9235820156,0.008960005695723083,0.0022694415320598793
2025-03-12,1738652.0974550303,1250110.4167585475,-0.0017213995789397973,-0.0009937291121511205
2025-03-13,1725089.6805756656,1245635.155758471,-0.007800535195751301,-0.0035798925759539246
2025-03-17,1742976.5957135318,1252341.2294365433,0.010368687111905528,0.005383658005372327
2025-03-18,1742976.5957135318,1273045.570109475,0.0,0.016532507423912657
2025-03-19,1811129.8640784817,1280024.2501407776,0.03910165433807755,0.005481877628860099
2025-03-20,1830898.3925604187,1294333.473737856,0.01091502540707956,0.011178869146818649
2025-03-21,1836389.5509420235,1303682.0926282087,0.002999160632789488,0.007222728207248785
2025-03-24,1858197.0613667516,1320704.8093981973,0.011875209382203877,0.013057413970971377
2025-03-25,1845127.7103245906,1317743.2114200222,-0.0070333503985567924,-0.0022424374902705324
2025-03-26,1848536.3842306486,1308498.2447304095,0.0018473918563925995,-0.00701575740211946
2025-03-27,1857167.7573839559,1316933.275467069,0.004669301197931075,0.0064463447090044035
2025-03-28,1848910.3891556866,1312149.8276049779,-0.004446215585769631,-0.003632262887726445
2025-04-01,1808457.4048944984,1293411.7894204874,-0.021879364461606654,-0.014280410506696817
2025-04-02,1812292.2440107234,1303668.4569841237,0.00212050286937715,0.007929932019741237
2025-04-03,1810104.1603951147,1299929.6272931052,-0.0012073569386173988,-0.002867929856696705
2025-04-04,1783573.971485393,1278109.8270169408,-0.01465671948067937,-0.0167853703908577
2025-04-07,1711865.8925744647,1236911.113284292,-0.04020471259244074,-0.03223409511591435
2025-04-08,1755595.143755405,1258714.5081761666,0.025544787924465462,0.017627293228841268
2025-04-09,1745857.566545608,1251885.7137013294,-0.005546596118378044,-0.005425213128536832
2025-04-11,1770764.7710714093,1274619.1021311872,0.014266458503303436,0.018159316126904468
2025-04-15,1816326.373004285,1304516.6366575968,0.025729900818677542,0.023456054029333373
2025-04-16,1827197.9026582225,1311053.5431262397,0.0059854494299698136,0.005010979764421775
2025-04-17,1843659.7901928,1331839.6976636816,0.009009362100639962,0.01585454281895826
2025-04-21,1872532.889269828,1348608.8766764652,0.015660752179234017,0.012590989022327692
2025-04-22,1882621.6034700489,1351044.117487266,0.0053877367164187895,0.001805742830940149
2025-04-23,1894290.0912585305,1360128.226188064,0.006197999516724062,0.006723769108068156
2025-04-24,1888997.2249579695,1355977.5574342916,-0.0027941160253045494,-0.003051674594979348
2025-04-25,1852181.8790607802,1340727.4743953496,-0.019489359439375797,-0.011246560059443245
2025-04-28,1867155.9233836448,1356692.0438786505,0.008084543149972756,0.01190739340260083
2025-04-29,1865266.3306001988,1356495.7119095207,-0.0010120165968900974,-0.00014471373221036643
2025-04-30,1863776.6819156196,1355044.9006845732,-0.0007986251937007749,-0.001069528795564878
2025-05-02,1846384.3424499545,1355339.3453740333,-0.009331772220580126,0.00021729515332769012
2025-05-05,1880221.669941738,1364120.7001647567,0.018326264317690688,0.006479082025247385
2025-05-06,1871582.6743547006,1354698.4701020392,-0.0045946686633523415,-0.006907182085558516
2025-05-07,1892943.5084322812,1357411.9632749492,0.011413246323700665,0.002003023722840558
2025-05-08,1851557.6691232517,1346001.69891603,-0.021863219438230774,-0.008405896417319147
2025-05-09,1842861.0353305754,1332886.9790464893,-0.0046969283958594454,-0.009743464573709226
2025-05-12,1907881.1311699373,1384366.9684192091,0.035282148025718385,0.03862292165952974
2025-05-13,1899923.7588843894,1368315.045590989,-0.00417079038916246,-0.011595135678908575
2025-05-14,1920381.5885974034,1374107.531115368,0.01076771087121231,0.004233298130458696
2025-05-15,1936809.3401429388,1394820.0744804447,0.008554420456370782,0.015073451601174348
2025-05-16,1933086.5516971962,1395913.589218978,-0.001922124376717349,0.0007839826501929714
2025-05-19,1940010.5665206995,1393644.639348932,0.003581844184588734,-0.0016254228682703875
2025-05-20,1909518.584291251,1377126.4414100875,-0.015717431005612625,-0.011852517831634102
2025-05-21,1930524.239159331,1385877.7551724366,0.01100049773847922,0.006354764166308646
2025-05-22,1929538.230938246,1375667.4274929953,-0.0005107463563960302,-0.007367408590933655
2025-05-23,1939000.57546395,1388272.195579452,0.004903942494626223,0.009162656492803345
2025-05-26,1953864.4885331339,1396099.0552842277,0.007665760009187839,0.005637842297568252
2025-05-27,1948859.1182305282,1387364.0403776988,-0.0025617796587129593,-0.006256730046100167
2025-05-28,1953401.764615605,1383259.7115081213,0.002330925997976241,-0.0029583647479144437
2025-05-29,1952977.1998303928,1387361.3771659634,-0.00021734637129067202,0.0029652173223277956
2025-05-30,1949562.9277783404,1382340.690402488,-0.0017482395863858136,-0.003618874538464878
2025-06-02,1953951.6276260794,1381762.5603989789,0.002251119871642393,-0.00041822541108937905
2025-06-03,1950097.5664227903,1372403.0756047461,-0.001972444531787909,-0.006773584016873557
2025-06-04,1963115.2114626241,1376690.1007993685,0.006675381408589365,0.003123736219210471
2025-06-05,1974490.8292969496,1383731.5260991554,0.0057946766281995465,0.00511474971433179
2025-06-06,2007933.2083785005,1398406.248874793,0.016937216717009873,0.010605180628504352
2025-06-09,2028061.0120997082,1406077.5770142244,0.010024140064629927,0.005485765059762837
2025-06-10,2026293.4828793635,1406407.6022124686,-0.0008715365118698859,0.00023471336406988286
2025-06-11,2019963.6894567017,1407585.7005557164,-0.0031238285451459236,0.0008376649425063665
2025-06-12,1992907.6282476557,1391465.706035541,-0.013394330477456862,-0.011452229525926061
2025-06-13,1985707.645561441,1381637.0698620095,-0.003612803014129362,-0.00706351305023134
2025-06-16,2008316.5954087407,1393930.9878747165,0.011385840155189175,0.00889808060371089
2025-06-17,1990288.1342505128,1387928.534737123,-0.00897690194834977,-0.004306133653535715
2025-06-18,1990507.3050705378,1385275.1236209625,0.00011012014604983023,-0.0019117779120111367
2025-06-19,1974045.2212668566,1381042.5344742106,-0.008270295598386546,-0.0030554141011991387
2025-06-20,2003102.671079837,1398951.674638192,0.014719748818283085,0.012967841117797141
2025-06-23,2006210.2682597856,1392632.831946439,0.0015513918606444577,-0.004516841293597307
2025-06-24,2021358.3176127425,1398013.4784080642,0.007550579115566336,0.0038636504455411558
2025-06-25,2032361.2874466209,1408417.4748449,0.0054433544701133485,0.007441985787349337
2025-06-26,2063549.363082582,1424712.069526445,0.015345733964035713,0.011569435179962673
2025-06-27,2079389.542432169,1430302.6836012844,0.007676181453650566,0.003924030823082569
2025-06-30,2082580.9832531575,1425715.6742367926,0.0015347969949177642,-0.0032070200364460177
2025-07-01,2083107.374895614,1426621.0596983414,0.0002527592668373213,0.0006350392844165498
2025-07-02,2071910.809706326,1421818.6497686948,-0.005374934256497044,-0.003366282795980946
2025-07-03,2060409.9432883873,1418270.6125663966,-0.005550850144736219,-0.0024954217634403086
2025-07-04,2070865.5471592685,1421742.268856125,0.0050745260208724385,0.002447809507556853
2025-07-07,2067447.6392539595,1422173.1765149042,-0.0016504731125579486,0.00030308422856828443
2025-07-08,2072509.1709370823,1424982.119196409,0.0024482030824002354,0.0019751059349804034
2025-07-09,2063115.3347057418,1422688.5612499283,-0.004532590911090151,-0.0016095345447380005
2025-07-10,2051460.0840225276,1416544.3187195447,-0.005649345185482102,-0.00431875443279417
2025-07-11,2036834.0088527254,1405060.4431882608,-0.007129592861062739,-0.00810696522482579
2025-07-14,2044217.679650704,1403061.4364597097,0.0036250724241084775,-0.0014227193842387686
2025-07-15,2049642.321384821,1409879.2585021968,0.0026536517065267606,0.004859246976162579
2025-07-16,2053176.477688494,1411136.40096975,0.0017242795324821092,0.0008916667579668136
2025-07-17,2041407.994170266,1405913.9492852045,-0.005731842170468071,-0.0037008836856284866
2025-07-18,2032507.8793189148,1397571.7048454047,-0.004359792298632925,-0.00593368068084188
2025-07-21,2052107.4923132665,1404217.6964667276,0.009643068641347341,0.004755385071321339
2025-07-22,2055405.8476476073,1401956.9492888267,0.0016073014433677368,-0.0016099691547752926
2025-07-23,2070393.0840360357,1409707.4280810324,0.007291619027736562,0.005528328666680737
2025-07-24,2049486.8757035672,1401847.8641361466,-0.010097700042406399,-0.00557531569198344
2025-07-25,2037838.24627981,1387677.660191653,-0.005683680906596766,-0.010108232360310776
2025-07-28,2024718.2724242394,1379109.0427543488,-0.006438182166578654,-0.0061747894940679116
2025-07-29,2031235.2231104737,1387762.243796368,0.003218695052537468,0.006274486479137975
2025-07-30,2028591.4218713082,1389529.4445754744,-0.0013015731556274002,0.0012734175374826684
2025-07-31,2028336.0607341365,1384317.8587948093,-0.000125881010053841,-0.003750611979480012
2025-08-01,2000460.2692250304,1371723.9566122328,-0.01374318193555002,-0.009097550900297402
2025-08-04,2017569.876425661,1381574.3245935247,0.008552835296878225,0.007181013303594552
2025-08-05,2012358.7867783632,1377633.6234529668,-0.002582854605526652,-0.0028523265599317282
2025-08-06,1998656.3809306833,1372092.119002527,-0.00680912665162281,-0.004022480546424401
2025-08-07,2011199.0984614233,1373662.987812504,0.006275574756326785,0.0011448712431341157
2025-08-08,1991672.2952736248,1359967.3681992493,-0.009709035372349017,-0.009970145322954593
2025-08-11,2012365.445349964,1372956.5975318206,0.010389836784618467,0.009551133090620167
2025-08-12,2006038.851373912,1368222.365822599,-0.003143859377366609,-0.0034482020172614813
2025-08-13,2022489.2592682538,1375741.03866536,0.008200443317972095,0.005495212642749436
2025-08-14,2029493.8929394335,1375904.66639438,0.0034633724946029343,0.00011893788468975153
2025-08-18,2045787.919313199,1390418.4246527331,0.008028615622077906,0.010548520266587369
2025-08-19,2052744.37966786,1397015.4131781256,0.003400381969699273,0.0047446066654648344
2025-08-20,2056472.3801936053,1401160.648979958,0.00181610558171319,0.00296720835198383
2025-08-21,2060884.0077062198,1402022.3577690467,0.0021452403422015376,0.0006149964243686856
2025-08-22,2056221.258469312,1390595.688025838,-0.0022624995970041972,-0.008150133754921907
2025-08-25,2058954.7170371015,1395728.1231537284,0.001329360134047164,0.003690817663311474
2025-08-26,2029771.7182611197,1380663.506180036,-0.014173696261750246,-0.010793374958765534
2025-08-28,2006102.6439895965,1367846.0007401598,-0.011660953819870978,-0.009283583858415545
2025-08-29,1999390.0126212325,1363730.805966702,-0.003346105638450503,-0.003008521990948476
2025-09-01,2024525.6331793403,1376174.6095358746,0.012571644551307104,0.00912482398632286
2025-09-02,2022731.7125008437,1375293.8321507608,-0.000886094327034681,-0.0006400186277312203
2025-09-03,2037223.3821778481,1383139.7604515613,0.007164405238442306,0.00570491055611777
2025-09-04,2026944.0991627136,1382935.2257902867,-0.005045731904051554,-0.0001478770744092195
2025-09-05,2022730.242030493,1383027.905558677,-0.0020789212361412845,6.701670957665051e-05
2025-09-08,2022806.2552764402,1385490.524186117,3.7579527100373156e-05,0.0017805993773101214
2025-09-09,2030210.9478436706,1390246.5942315687,0.0036606039495454823,0.003432769811432257
2025-09-10,2056460.1393314337,1396123.5568321927,0.01292929265091547,0.00422728070330014
2025-09-11,2054774.080013077,1398403.4791345883,-0.00081988426914259,0.0016330376285382808
2025-09-12,2069138.3300249246,1404204.0608226426,0.0069906712137211,0.004148002900882464
2025-09-15,2069004.4832123416,1403574.1579829985,-6.468722300523311e-05,-0.0004485835479460798
2025-09-16,2078605.96476404,1412846.3959607813,0.004640628683796333,0.006606161794192156
2025-09-17,2078176.8234285295,1417586.060621943,-0.00020645631869875558,0.0033546921128242424
2025-09-18,2090147.3697004768,1422571.2734051037,0.005760119224214266,0.0035166914529149995
2025-09-19,2077293.6841504606,1419516.8891300694,-0.006149655156544309,-0.0021470869910955592
2025-09-22,2078373.5656279554,1414534.4460871133,0.0005198501712753156,-0.003509956860047958
2025-09-23,2071670.7467996578,1411889.1311346286,-0.003225030831390696,-0.0018700958183113237
2025-09-24,2056705.1013567878,1403726.8132796686,-0.007223949783520922,-0.005781132296415192
2025-09-25,2038311.1975617069,1394217.336400501,-0.008943384145323807,-0.006774449835398988
2025-09-26,2009981.802851246,1379223.5608589689,-0.013898463956018792,-0.010754259863273608
2025-09-29,2022232.437568285,1380737.117352401,0.006094898321796327,0.0010973975042083417
2025-09-30,2023192.8485208764,1379662.6712098927,0.0004749260939291844,-0.0007781685079695233
2025-10-01,2038511.9824422665,1390996.5546562423,0.007571761600773552,0.008214967095116377
2025-10-03,2047921.382921573,1394615.53981917,0.004615818087089885,0.0026017211551052633
2025-10-06,2081002.5043809838,1403977.6878251382,0.016153511426408862,0.006713067321178823
2025-10-07,2088744.8364324607,1405684.9130759647,0.00372048185198115,0.001215991725246779
2025-10-08,2086832.7523666916,1400975.1829147083,-0.0009154225218983569,-0.00335048780665248
2025-10-09,2099760.136390361,1408600.1711699448,0.006194738897502994,0.005442629068826754
2025-10-10,2105701.1910402714,1414002.6559677995,0.0028293968186878793,0.0038353571925009433
2025-10-13,2110768.691019956,1410893.7291164252,0.0024065617672852646,-0.0021986711540130655
2025-10-14,2100734.8968796344,1405843.1078530445,-0.0047536208884514375,-0.0035797318813965973
2025-10-15,2125069.7463205815,1417237.0733561432,0.011583969722735343,0.008104720533501863
2025-10-16,2140179.711453609,1430608.100723094,0.007110338453215181,0.009434573522189238
2025-10-17,2151355.392857669,1436095.1691256633,0.005221842513622121,0.003835479751439941
2025-10-20,2160004.1349152285,1442637.5085462464,0.004020136369041083,0.00455564475198833
2025-10-21,2160095.687296818,1444061.048483024,4.238528070832359e-05,0.0009867620440646707
2025-10-23,2142888.6779796346,1444835.6169841322,-0.007965855132425426,0.000536382102350963
2025-10-24,2134349.4098529806,1440076.777198476,-0.003984933148606151,-0.0032936894202466593
2025-10-27,2147481.053682552,1448923.54046942,0.006152527683120024,0.006143258061666934
2025-10-28,2147892.9625965245,1446329.9983530699,0.00019181026685477498,-0.0017899785902503185
2025-10-29,2151168.6750245453,1455155.029816253,0.0015250817825023244,0.00610167214483015
2025-10-30,2144444.414090001,1446406.3792656397,-0.0031258641001117304,-0.006012177652107709
2025-10-31,2137998.9275404885,1438260.4667949697,-0.0030056673454265104,-0.0056318283626526355
2025-11-03,2144594.4437805736,1442424.7711928268,0.003084901566191345,0.002895375694457414
2025-11-04,2135387.8977661384,1433621.5780658734,-0.004292907706226035,-0.006103051821325534
2025-11-06,2130014.372033778,1426558.3144298564,-0.002516416683817302,-0.0049268675528351125
2025-11-07,2133101.1244614646,1425971.9817342025,0.001449169765337821,-0.00041101207691485175
2025-11-10,2145055.273888832,1430695.4540680132,0.005604117540552789,0.0033124580246424173
2025-11-11,2153307.3945961134,1436651.4607929427,0.0038470433875210652,0.004163015062355946
2025-11-12,2148211.6001067725,1445378.2730073263,-0.002366496535575524,0.0060744115413817745
2025-11-13,2147267.961725491,1445683.690129136,-0.000439266961054674,0.0002113060141510914
2025-11-14,2154266.576442804,1446905.4651448436,0.0032593112932626234,0.00084511918066843
2025-11-17,2170532.1242867615,1452981.5294548024,0.007550387691952043,0.004199351275067986
2025-11-18,2154457.1031737584,1446414.5819577845,-0.0074060277353810156,-0.0045196359099499706
2025-11-19,2161023.3069121484,1453041.5049830822,0.0030477300888085423,0.004581620724763313
2025-11-20,2168945.592792411,1459313.9012621706,0.003665988170938661,0.00431673579700087
2025-11-21,2149226.6254667854,1450461.5985108172,-0.009091499294013317,-0.006066071695539299
2025-11-24,2133241.4152297955,1443101.1204451355,-0.007437656898335754,-0.0050745763095270124
2025-11-25,2134356.1965930415,1440213.1336393259,0.00052257628006247,-0.0020012366180679475
2025-11-26,2163573.196467427,1458634.8887981267,0.01368890531066147,0.012790992338925777
2025-11-27,2160924.598521135,1458705.7302302867,-0.001224177647706437,4.856693933752432e-05
2025-11-28,2165044.62819923,1458348.5402723423,0.0019066050157023895,-0.0002448677279741629
2025-12-01,2163562.430264784,1457364.004158019,-0.0006846038715048186,-0.0006751034386740518
2025-12-02,2157778.8019087715,1450442.5299147922,-0.0026731968882010015,-0.004749310552119579
2025-12-03,2138007.5098838806,1445710.9614173057,-0.009162798340312417,-0.003262155100874242
2025-12-04,2139792.898634392,1448487.1998587006,0.000835071318626035,0.001920327448214909
2025-12-05,2156708.178886924,1456117.7275943465,0.007905101593395969,0.005267929006476768
2025-12-08,2113817.523637512,1440772.1950468097,-0.01988709259291077,-0.010538661989157427
2025-12-09,2104344.4971479666,1436506.9016599478,-0.0044814778870996275,-0.0029604217804350963
2025-12-10,2091101.9394656727,1432247.1477534957,-0.00629296091977416,-0.0029653556843547424
2025-12-11,2104037.4039167087,1440057.6020739814,0.006185955933999621,0.005453286698972715
2025-12-12,2121085.8131719553,1448928.97342136,0.008102712063726036,0.006160428120793204
2025-12-15,2119402.9561634385,1448397.183302046,-0.0007933941182700632,-0.00036702290386125824
2025-12-16,2108721.5266099214,1439624.031203467,-0.005039829505972149,-0.006057145235934591
2025-12-17,2099005.59032894,1436796.019925937,-0.004607500875945858,-0.0019644096071150807
2025-12-18,2102406.5710130953,1435814.2535518191,0.001620281861003603,-0.0006833025429514583
2025-12-19,2124821.7112566708,1444723.7620912476,0.010661658193340973,0.006205195774724226
2025-12-22,2140087.5712949545,1455915.856144807,0.007184536922514306,0.0077468747640441205
2025-12-23,2135172.927866137,1457004.0444598699,-0.0022964683757513704,0.0007474252790571345
2025-12-24,2131019.2691129255,1454895.9525786387,-0.0019453500458919137,-0.0014468675562343547
2025-12-26,2118241.3358518425,1450251.6308976025,-0.005996160356824043,-0.0031922019391177336
2025-12-29,2107745.2108096527,1444475.5507575134,-0.004955112934744488,-0.003982812373404587
2025-12-30,2104704.9180376166,1444426.547661583,-0.0014424384676305912,-3.3924489690861925e-05
2025-12-31,2130913.012129271,1455703.225319857,0.012452146553679544,0.007807027416195211
2026-01-01,2135100.176719311,1455703.225319857,0.0019649627019999727,0.0
2026-01-02,2153793.8570304527,1468575.2733360734,0.008755411345553465,0.008842494673588552
2026-01-05,2157338.012736427,1464912.7180291552,0.0016455408183124742,-0.0024939513645754197
2026-01-06,2157556.735458701,1462218.2934522703,0.00010138546717408659,-0.0018393072459018667
2026-01-07,2149157.8749190364,1460748.4136312979,-0.0038927646265946025,-0.0010052396605585434
2026-01-08,2114797.1137679145,1443338.3593465204,-0.01598801165429342,-0.01191858510494459
2026-01-09,2099887.857996834,1431903.4869111667,-0.007049969793327726,-0.007922516824489412
2026-01-12,2108218.0370998993,1437600.5229269506,0.003966963793491152,0.003978645256373481
2026-01-13,2104596.384827656,1434292.4943662419,-0.0017178736774423609,-0.002301076347672404
2026-01-14,2111678.777741567,1432086.2897646807,0.003365202451628857,-0.001538183188036557
2026-01-15,2111678.777741567,1432086.2897646807,0.0,0.0
2026-01-16,2115416.2802917487,1433668.0244785377,0.0017699200226743983,0.0011044967926596705
2026-01-19,2118198.8866232745,1428030.9639910338,0.001315394212217269,-0.003931914774729095
2026-01-20,2085926.0300487159,1406159.3908787342,-0.015235989773371261,-0.01531589556795987
2026-01-21,2076075.379943756,1401820.5928479768,-0.0047224350063506115,-0.003085566301303855
2026-01-22,2090032.834622255,1410484.6597938759,0.006722999951416675,0.0061805818733886575
2026-01-23,2060940.3896182014,1394680.9482993903,-0.013919611463573789,-0.011204454713314771
2026-01-27,2081662.655643522,1402079.6700855913,0.010054762442284648,0.005304956517275583
2026-01-28,2108856.3710199688,1415041.7346584622,0.013063459299095692,0.009244884473704529
2026-01-29,2115418.488993489,1419290.5161325647,0.0031116950702274604,0.0030025838602760757
2026-01-30,2092993.8064967762,1412761.812356067,-0.01060058925143581,-0.004599977032389346
2026-02-02,2059767.736947725,1399308.8645961366,-0.015874901036933564,-0.009522445781213973
2026-02-03,2111246.501810448,1435189.6771356454,0.024992509562756116,0.025641810358904893
2026-02-04,2138917.4397417568,1438980.3861912685,0.013106445840208814,0.0026412599783942614
2026-02-05,2122299.198323778,1431649.9491539616,-0.007769463705894708,-0.005094188293079727
2026-02-06,2134055.6493821354,1434322.5353946164,0.0055394880550503345,0.0018667875078222096
2026-02-09,2164086.3681522496,1444712.8961873674,0.014072134800612535,0.0072440894822114466
2026-02-10,2163148.607151411,1448219.9199289412,-0.0004333288239504185,0.0024274883617561027
2026-02-11,2185069.318631412,1450412.5954148867,0.010133705750742461,0.0015140486992148983
2026-02-12,2197012.700114275,1442544.8287778564,0.0054659050772556395,-0.005424502422208821
2026-02-13,2158195.5097804014,1423146.7401968774,-0.01766816838694396,-0.01344713051130153
2026-02-16,2169740.4210110656,1435306.9649804702,0.00534933521006109,0.008544603616848834
2026-02-17,2172994.340040833,1438565.8839167792,0.0014996812513874413,0.0022705379516869684
2026-02-18,2187690.4232126772,1444538.296025998,0.006763056350882035,0.004151643088433188
2026-02-19,2153361.045219756,1423053.953900018,-0.015692063935859535,-0.014872808969540352
2026-02-20,2169151.811568738,1429959.1292874247,0.007333078855510822,0.004852363726956632
2026-02-23,2185381.7628320027,1437491.437774271,0.0074821647690610504,0.005267499142160625
2026-02-24,2188683.888186287,1424226.6192913258,0.0015110061822816157,-0.009227754777784036
2026-02-25,2204847.060968967,1429042.7713935266,0.007384882243581581,0.0033815911295052015
2026-02-26,2218919.9023698657,1430479.946974389,0.006382683701750214,0.0010056910889104653
2026-02-27,2184765.239280118,1412519.140502742,-0.015392472280441272,-0.012555790460143101
2026-03-02,2157863.590664811,1394299.1502650108,-0.01231329029391337,-0.012898933342061825
2026-03-04,2102378.0156342983,1370014.068149671,-0.025713198587042352,-0.017417411543802497
2026-03-05,2136810.371498582,1386477.7235121755,0.01637781388895232,0.01201714328725112
2026-03-06,2117276.1995542133,1370922.223351424,-0.009141743322159668,-0.011219437497594131
2026-03-09,2069778.1656016652,1346418.9709307244,-0.022433555887771628,-0.017873554023216442
2026-03-10,2102416.9445548235,1361262.7543873216,0.01576921599405834,0.011024639266881575
2026-03-11,2061572.1666358865,1340359.3120050554,-0.01942753459285196,-0.015355920313616878
2026-03-12,2048036.3675759558,1329480.731236981,-0.0065657653314260545,-0.008116167560921372
2026-03-13,2005196.9864737822,1300799.5387743388,-0.020917295112722112,-0.02157322914786175
2026-03-16,2004517.0732734292,1312043.5121925029,-0.0003390755147446578,0.008643894068995905
2026-03-17,2016551.573218513,1321992.0994225945,0.006003690417777818,0.007582513184693829
2026-03-18,2031289.9534957707,1333372.3227531388,0.007308704856843651,0.008608389819814155
2026-03-19,1957507.8741138978,1290038.245851089,-0.036322770786561875,-0.032499607320912394
2026-03-20,1966022.6252582173,1296264.3022459822,0.004349791516508716,0.0048262572175026275
2026-03-23,1894255.0528933362,1259838.0639430746,-0.0365039402104822,-0.02810093453919349
2026-03-24,1930560.3353204685,1281712.406795579,0.019165994764896555,0.017362821047049115
2026-03-25,1970564.639702245,1304393.915860832,0.020721602764689484,0.017696254592681315
2026-03-27,1925893.0153770987,1276299.056093844,-0.022669453934734185,-0.021538631409858233
2026-03-30,1882839.1680457802,1247688.7050633621,-0.02235526427873169,-0.022416651406171773
2026-04-01,1924318.0103468008,1269355.743514387,0.022029944460987494,0.017365740639548655
2026-04-02,1920657.7921354831,1271071.064928889,-0.0019020859294758274,0.0013513322985037046
2026-04-06,1949705.532590882,1286083.9090664461,0.01512385005509076,0.01181117606386306
2026-04-07,1961060.1469240533,1294308.972189891,0.0058237585847553675,0.006395432728347528
2026-04-08,2019780.7677236162,1345385.3251920016,0.029943304335497745,0.039462256771420456
2026-04-09,2026073.6202105903,1335556.7955469396,0.0031156116483208596,-0.007305364092372146
2026-04-10,2056960.2594045054,1353190.4530890167,0.015244578916488116,0.013203225501807081
2026-04-13,2041017.720895642,1341728.309365493,-0.007750533067410248,-0.008470458609398546
2026-04-15,2068669.2865369201,1364857.0249453455,0.013547930210593195,0.01723800222325944
2026-04-16,2074591.076737717,1365871.6020880432,0.002862608460103555,0.0007433578200166657
2026-04-17,2099594.79885352,1376594.6512907734,0.012052361738256856,0.007850700744006733
2026-04-20,2100891.3150641923,1377358.2473595322,0.000617507821690344,0.0005546992849658761
2026-04-21,2102170.4301377824,1388872.163919191,0.0006088440008382712,0.008359420348142299
2026-04-22,2106184.894841009,1381560.6889494397,0.001909676135518401,-0.005264325371112322
2026-04-23,2091361.5216219735,1368743.1835095633,-0.007038020857211724,-0.009277555117483072
2026-04-24,2082907.3780857292,1354144.948174965,-0.004042411342486396,-0.010665430528148612
2026-04-27,2096657.6513429014,1366414.2581112375,0.006601480892448164,0.009060558807096886
2026-04-28,2101165.7241500616,1361109.9925621822,0.002150123461630793,-0.0038818868564700626
2026-04-29,2106843.338000364,1369351.354541447,0.0027021256748318567,0.0060548831646962675
2026-04-30,2018441.8893230108,1357891.980558128,-0.04195919415691174,-0.008368468724490596
2026-05-01,2018441.8893230108,1357891.980558128,0.0,0.0
2026-05-04,2040341.7115601245,1365806.0870793539,0.01084986511276731,0.005828229811013941
2026-05-05,2041127.2102318006,1363035.3881183686,0.0003849838814868889,-0.002028618108526836
2026-05-06,2060704.742708156,1380614.3965556363,0.009591529806773691,0.012896956741185628
2026-05-07,2079337.4624439746,1380990.7616380753,0.009041916267602534,0.0002726069519323193
2026-05-08,2058217.3602130937,1372760.265562691,-0.010157130630473521,-0.005959848757874142
2026-05-11,2036378.5497993703,1351826.888680519,-0.0106105462114372,-0.015249113342883258
2026-05-12,2000261.7752358962,1325551.002528773,-0.017735786191144243,-0.01943731580705077
